"priority","page_type","slug","primary_query","current_title_tag","recommended_title_tag","recommended_h1","recommended_meta_description","first_paragraph_draft","confidence_tier","rewrite_status"
"1","calculator","/dumpster/size-weight-calculator/","dumpster size weight calculator","Dumpster Size & Weight Calculator: Safe Size in Minutes","Dumpster Size & Weight Calculator: Safe Size in Minutes","Dumpster Size & Weight Calculator","Estimate dumpster size weight range and overage risk in under a minute. Compare safe vs budget options and see when junk removal is the lower-risk path.","What size dumpster do I need without overage risk? Start with project, material, and quantity to get a safe size first, then compare budget and convenience routes.","High","implemented"
"2","material","/dumpster/weight/concrete/","concrete dumpster calculator","Concrete Dumpster Calculator: Size Tons and Overage Risk","Concrete Dumpster Calculator: Size Tons and Overage Risk","Concrete Dumpster Calculator","Estimate concrete disposal by size and ton range before you rent. See when clean loads or multi-haul plans are safer than one larger bin.","Need a concrete dumpster calculator answer fast? Start with weight limits, not bin volume, because concrete loads often hit haul constraints before a container looks full.","High","implemented"
"3","material","/dumpster/weight/shingles/","shingles dumpster size","Shingles Dumpster Size Calculator: Squares Tons and Risk","Shingles Dumpster Size Calculator: Squares Tons and Risk","Shingles Dumpster Size Calculator","Convert roofing squares into dumpster size and weight range with overage risk signals. Compare safer options before your tear-off starts.","How many roofing squares fit safely in a dumpster? Convert squares into a ton range first, then choose size based on overage and haul risk.","High","implemented"
"4","material","/dumpster/weight/drywall/","drywall dumpster weight","Drywall Dumpster Calculator: Sheets Size and Weight Risk","Drywall Dumpster Calculator: Sheets Size and Weight Risk","Drywall Dumpster Calculator","Estimate drywall disposal by sheet count and size with weight-risk ranges. See when a small bin stops being practical for the job.","How much drywall can a dumpster hold before fees jump? Use sheet count as input, then validate moisture and mixed-load effects on total tons.","High","implemented"
"5","material","/dumpster/weight/dirt/","dirt dumpster weight limit","Dirt Dumpster Calculator: Weight Limits Size and Overage","Dirt Dumpster Calculator: Weight Limits Size and Overage","Dirt Dumpster Calculator","See how fast dirt weight escalates by dumpster size. Check realistic limits and when heavy-debris rules become the main constraint.","Can you put dirt in a dumpster without overage trouble? You usually can, but dirt is haul-limited, so weight limits decide size more than visible volume.","High","implemented"
"6","material","/dumpster/weight/brick-block/","brick dumpster weight","Brick and Block Dumpster Calculator: Size Tons and Limits","Brick and Block Dumpster Calculator: Size Tons and Limits","Brick and Block Dumpster Calculator","Estimate brick and block disposal by dumpster size and ton range. Identify when clean-load or staged-haul strategy is the safer choice.","What dumpster size works for brick and block? Plan with heavy-debris assumptions first, because masonry loads often require controlled fill and staged pulls.","Medium","implemented"
"7","rule","/dumpster/heavy-debris-rules/","heavy debris dumpster rules","Heavy Debris Dumpster Rules: Limits Fill Line and Clean Loads","Heavy Debris Dumpster Rules: Limits Fill Line and Clean Loads","Heavy Debris Dumpster Rules","Understand heavy-debris rules for concrete dirt shingles and brick. See fill-line constraints and why included tons differ from haul limits.","What are heavy debris dumpster rules? Follow fill-line and clean-load limits first, then compare included tons and max haul constraints before pickup day.","High","implemented"
"8","limit","/dumpster/how-many-tons-can-a-10-yard-dumpster-hold/","how many tons can a 10 yard dumpster hold","How Many Tons Can a 10-Yard Dumpster Hold? Limits and Risk","How Many Tons Can a 10-Yard Dumpster Hold? Limits and Risk","How Many Tons Can a 10-Yard Dumpster Hold?","See the difference between included tons and practical haul limits for a 10-yard dumpster. Check risk before loading heavy materials.","How many tons can a 10-yard dumpster hold? Included tons and haul limits are different, and heavy loads can fail pickup even when volume looks acceptable.","High","implemented"
"9","rule","/dumpster/can-you-put-concrete-in-a-dumpster/","can you put concrete in a dumpster","Can You Put Concrete in a Dumpster? Rules Limits and Options","Can You Put Concrete in a Dumpster? Rules Limits and Options","Can You Put Concrete in a Dumpster?","See when concrete is allowed when clean-load rules apply and when multiple smaller hauls reduce risk versus one mixed container.","Can you put concrete in a dumpster? Usually yes, but only with strict weight, fill, and clean-load rules that vary by operator.","High","implemented"
"10","rule","/dumpster/can-you-mix-concrete-and-wood-in-a-dumpster/","can you mix concrete and wood in a dumpster","Can You Mix Concrete and Wood in a Dumpster? Safer Options","Can You Mix Concrete and Wood in a Dumpster? Safer Options","Can You Mix Concrete and Wood in a Dumpster?","Learn when mixed loads cause pickup or fee issues and when clean-load separation is required. Choose the lower-risk disposal path.","Can you mix concrete and wood in one dumpster? Sometimes, but mixed heavy loads often trigger rejection or extra fees unless policy is explicitly confirmed.","High","implemented"
"11","rule","/dumpster/fill-line-rules-for-heavy-debris/","heavy debris fill line rules","Heavy Debris Fill Line Rules: Avoid Refusals and Extra Fees","Heavy Debris Fill Line Rules: Avoid Refusals and Extra Fees","Heavy Debris Fill Line Rules","See why heavy debris cannot always be loaded to the top and what to confirm before pickup to avoid refusals or overfill charges.","Why do heavy-debris fill-line rules matter? Overfilling dense material is a common reason for pickup refusal, delays, and avoidable extra cost.","Medium","implemented"
"12","comparison","/dumpster/dumpster-vs-junk-removal/","dumpster vs junk removal","Dumpster vs Junk Removal: Which Costs Less for Heavy Debris?","Dumpster vs Junk Removal: Which Costs Less for Heavy Debris?","Dumpster vs Junk Removal","Compare dumpster rental and junk removal by load size labor and urgency. Find the safer lower-cost path for your cleanup scenario.","Dumpster vs junk removal: which costs less for your job? Compare route choice by labor, speed, and heavy-load feasibility before booking.","High","implemented"
"13","comparison","/dumpster/bagster-vs-dumpster/","bagster vs dumpster","Bagster vs Dumpster: Weight Limits Cost and Best Fit","Bagster vs Dumpster: Weight Limits Cost and Best Fit","Bagster vs Dumpster","See when a bagster is enough and when a roll-off dumpster is safer. Compare capacity limits weight risk and total cost tradeoffs.","Bagster vs dumpster: which is the safer fit? Bag options can work for small light cleanups, but heavy or uncertain loads usually favor roll-off dumpsters.","High","implemented"
"14","comparison","/dumpster/one-20-yard-vs-two-10-yard/","one 20 yard vs two 10 yard dumpster","One 20-Yard vs Two 10-Yard Dumpsters: Which Is Safer?","One 20-Yard vs Two 10-Yard Dumpsters: Which Is Safer?","One 20-Yard vs Two 10-Yard Dumpsters","Compare cost hauling flexibility and weight risk when choosing one larger dumpster versus multiple smaller containers.","One 20-yard or two 10-yard dumpsters? For dense debris, staged smaller hauls often reduce pickup-failure and overage risk.","Medium","implemented"
"15","project","/dumpster/size/bathroom-remodel/","bathroom remodel dumpster size","Bathroom Remodel Dumpster Size: 10 vs 20 Yard Calculator","Bathroom Remodel Dumpster Size: 10 vs 20 Yard Calculator","Bathroom Remodel Dumpster Size Calculator","Estimate bathroom remodel dumpster size from tile drywall and fixture scope. See when heavy tile shifts the safest option upward.","What size dumpster for a bathroom remodel? Start at 10-yard for lighter scope, then size up when tile and mortar dominate the debris mix.","High","implemented"
"16","project","/dumpster/size/roof-tear-off/","roof tear off dumpster size","Roof Tear-Off Dumpster Size Calculator: Squares to Size","Roof Tear-Off Dumpster Size Calculator: Squares to Size","Roof Tear-Off Dumpster Size Calculator","Convert roofing squares into dumpster size and ton range with overage risk cues. Plan safer hauling before your tear-off begins.","What dumpster size is best for a roof tear-off? Convert roofing squares to tonnage first, then pick size based on haul and overage risk.","High","implemented"
"17","project","/dumpster/size/deck-removal/","deck removal dumpster size","Deck Removal Dumpster Size Calculator: Material and Weight Risk","Deck Removal Dumpster Size Calculator: Material and Weight Risk","Deck Removal Dumpster Size Calculator","Estimate deck removal dumpster size by material mix and moisture conditions. See when safer sizing beats low-cost assumptions.","What size dumpster for deck removal? Moisture, hardware, and bulky loading can change the answer quickly, so compare safe and budget options.","High","implemented"
"18","project","/dumpster/size/garage-cleanout/","garage cleanout dumpster size","Garage Cleanout Dumpster Size Calculator: What Size Fits Best?","Garage Cleanout Dumpster Size Calculator: What Size Fits Best?","Garage Cleanout Dumpster Size Calculator","Estimate garage cleanout size by volume and bulky item mix. Compare dumpster rental versus junk removal for risk and convenience.","What dumpster size fits a garage cleanout best? Use realistic bulky-item loading assumptions and compare dumpster versus junk removal based on effort and urgency.","Medium","implemented"
"19","project","/dumpster/size/kitchen-remodel/","kitchen remodel dumpster size","Kitchen Remodel Dumpster Size Calculator: Cabinets Drywall Flooring","Kitchen Remodel Dumpster Size Calculator: Cabinets Drywall Flooring","Kitchen Remodel Dumpster Size Calculator","Estimate kitchen remodel dumpster size by cabinet countertop drywall and flooring removal scope with risk-aware sizing guidance.","What size dumpster for a kitchen remodel? Cabinet, countertop, drywall, and flooring mix can shift weight risk, so choose size from scenario-based estimates.","Medium","implemented"
"20","unit","/dumpster/pickup-truck-loads-to-dumpster-size/","pickup truck loads to dumpster size","Pickup Truck Loads to Dumpster Size Calculator","Pickup Truck Loads to Dumpster Size Calculator","Pickup Truck Loads to Dumpster Size Calculator","Convert pickup truck loads into dumpster size ranges and avoid underestimating cleanup volume before booking.","How many pickup truck loads equal a dumpster size? Use load-count conversion for quick planning, then validate with material-specific weight risk.","High","implemented"
